City,Lat,Long,Temp,Max Temp,Min Temp,Humidity,Clouds,Wind,Country,Datetime
aksarka,66.5606,67.7975,-23.7,-23.7,-23.7,99,46,3.14,RU,1675145911
phek,25.6667,94.5,22.38,22.38,22.38,22,0,0.73,IN,1675145793
chokurdakh,70.6333,147.9167,-12.06,-12.06,-12.06,95,100,3.87,RU,1675145911
bintulu,3.1667,113.0333,28.23,28.23,28.23,78,20,2.57,MY,1675145911
pevek,69.7008,170.3133,-8.09,-8.09,-8.09,89,100,1.88,RU,1675145912
luganville,-15.5333,167.1667,26.3,26.3,26.3,84,100,0.13,VU,1675145912
bluff,-46.6,168.3333,17.52,17.52,17.52,90,47,1.6,NZ,1675145912
kayerkan,69.3497,87.7602,-16.93,-16.93,-16.93,84,100,3.93,RU,1675145912
gushikawa,26.3544,127.8686,18.56,18.77,18.0,52,0,4.12,JP,1675145688
torbay,47.6666,-52.7314,-0.42,0.15,-2.01,96,75,2.57,CA,1675145913
mount isa,-20.7333,139.5,28.87,28.87,28.87,70,100,2.06,AU,1675145913
mataura,-46.1927,168.8643,19.37,19.37,19.37,91,33,2.19,NZ,1675145913
new norfolk,-42.7826,147.0587,26.9,27.17,22.18,34,1,0.89,AU,1675145913
albany,42.6001,-73.9662,-2.58,-1.09,-4.13,83,98,2.34,US,1675145913
rikitea,-23.1203,-134.9692,26.2,26.2,26.2,70,10,4.45,PF,1675145914
longyearbyen,78.2186,15.6401,-8.09,-8.09,-8.09,67,20,6.69,SJ,1675145879
klyuchi,52.2667,79.1667,-11.93,-11.93,-11.93,79,76,2.22,RU,1675145915
north platte,41.1239,-100.7654,-20.05,-18.12,-22.06,81,20,5.36,US,1675145915
anadyr,64.75,177.4833,-3.33,-2.72,-3.33,86,20,11.0,RU,1675145182
hermanus,-34.4187,19.2345,21.56,21.56,21.56,77,18,6.23,ZA,1675145915
castro,-24.7911,-50.0119,16.6,16.6,16.6,99,94,1.61,BR,1675145916
punta arenas,-53.15,-70.9167,8.06,8.06,7.84,71,0,9.26,CL,1675145916
bukene,-4.2333,32.8833,21.06,21.06,21.06,69,24,2.39,TZ,1675145916
waipawa,-41.4122,175.5153,19.28,19.28,19.28,79,100,4.6,NZ,1675145916
butaritari,3.0707,172.7902,27.18,27.18,27.18,81,78,8.25,KI,1675145917
mahebourg,-20.4081,57.7,29.16,30.14,29.16,79,40,2.06,MU,1675145917
barrow,71.2906,-156.7887,-20.99,-20.99,-20.99,77,0,9.77,US,1675145860
batagay,67.6333,134.6333,-33.11,-33.11,-33.11,99,100,0.82,RU,1675145917
ayr,55.4627,-4.6339,7.79,7.99,6.63,76,75,10.29,GB,1675145918
savinka,50.0785,47.0994,-3.52,-3.52,-3.52,65,73,4.21,RU,1675145918
hovd,48.0056,91.6419,-13.5,-13.5,-13.5,66,5,1.84,MN,1675145918
usinsk,65.9939,57.5281,-11.1,-11.1,-11.1,89,100,8.86,RU,1675145918
soyo,-6.1349,12.3689,26.05,26.05,26.05,82,100,1.88,AO,1675145728
atuona,-9.8,-139.0333,26.16,26.16,26.16,81,52,10.46,PF,1675145919
coquimbo,-29.9533,-71.3436,17.85,17.85,17.85,88,100,3.6,CL,1675145919
sept-iles,50.2001,-66.3821,-19.16,-18.0,-26.71,75,40,4.12,CA,1675145647
arraial do cabo,-22.9661,-42.0278,24.48,24.48,24.48,85,78,11.9,BR,1675145919
busselton,-33.65,115.3333,28.87,28.87,28.87,38,98,6.49,AU,1675145920
severo-kurilsk,50.6789,156.125,-4.33,-4.33,-4.33,57,93,7.59,RU,1675145920
saint-philippe,-21.3585,55.7679,29.77,29.77,28.95,82,56,3.48,RE,1675145860
kodiak,57.79,-152.4072,3.73,3.73,3.73,100,100,4.12,US,1675145920
gambela,8.25,34.5833,31.38,31.38,31.38,27,78,1.97,ET,1675145920
sao filipe,14.8961,-24.4956,21.1,21.1,21.1,74,48,2.98,CV,1675145758
hilo,19.7297,-155.09,20.29,20.85,19.41,95,100,3.6,US,1675145921
vaini,-21.2,-175.2,29.09,29.09,29.09,84,75,3.6,TO,1675145922
mar del plata,-38.0023,-57.5575,20.15,21.04,18.01,96,100,0.89,AR,1675145922
ponta delgada,37.7333,-25.6667,13.4,13.4,13.4,76,40,4.12,PT,1675145663
provideniya,64.3833,-173.3,-2.74,-2.74,-2.74,93,100,1.62,RU,1675145923
bethel,41.3712,-73.414,2.9,6.63,-0.92,83,100,3.09,US,1675145923
bengkulu,-3.8004,102.2655,28.87,28.87,28.87,69,100,3.76,ID,1675145806
boyuibe,-20.4167,-63.2833,19.84,19.84,19.84,98,45,0.96,BO,1675145923
crossville,35.949,-85.0269,7.57,8.36,6.72,97,100,1.54,US,1675145924
margate,51.3813,1.3862,4.74,5.49,3.83,82,57,1.79,GB,1675145924
the pas,53.8251,-101.2541,-23.99,-23.99,-23.99,77,0,4.12,CA,1675145924
miri,4.4148,114.0089,30.08,30.08,30.08,70,40,2.57,MY,1675145924
haines junction,60.7522,-137.5108,-6.66,-6.66,-6.66,97,100,0.49,CA,1675145925
tessalit,20.1986,1.0114,10.71,10.71,10.71,16,44,4.28,ML,1675145925
walvis bay,-22.9575,14.5053,17.27,17.27,17.27,85,7,2.95,NA,1675145864
chuy,-33.6971,-53.4616,19.87,19.87,19.87,95,3,1.18,UY,1675145731
port lincoln,-34.7333,135.8667,20.62,20.62,20.62,58,4,6.22,AU,1675145926
cabedelo,-6.9811,-34.8339,25.37,25.37,25.37,73,87,5.46,BR,1675145927
atambua,-9.1061,124.8925,26.56,26.56,26.56,80,100,2.56,ID,1675145732
padilla,3.2204,-76.3139,21.76,21.76,21.76,90,97,1.18,CO,1675145928
catabola,-12.15,17.2833,16.55,16.55,16.55,92,99,0.67,AO,1675145929
manitouwadge,49.1215,-85.8403,-28.12,-28.12,-28.12,96,31,2.57,CA,1675145929
te anau,-45.4167,167.7167,23.55,23.55,23.55,63,45,2.53,NZ,1675145929
san cristobal,7.7669,-72.225,16.9,16.9,16.9,93,27,1.22,VE,1675145929
huarmey,-10.0681,-78.1522,21.67,21.67,21.67,82,100,1.83,PE,1675145930
hobart,-42.8794,147.3294,22.53,27.37,22.37,64,40,8.23,AU,1675145754
bredasdorp,-34.5322,20.0403,20.74,20.74,20.74,70,22,6.26,ZA,1675145931
cidreira,-30.1811,-50.2056,23.06,23.06,23.06,92,3,4.87,BR,1675145931
nikolskoye,59.7035,30.7861,-0.29,-0.05,-1.22,89,100,4.91,RU,1675145931
farah,32.5,62.5,10.01,10.01,10.01,38,99,0.52,AF,1675145932
leh,34.1667,77.5833,-9.38,-9.38,-9.38,76,95,1.59,IN,1675145687
ushuaia,-54.8,-68.3,6.81,6.81,6.81,76,20,1.54,AR,1675145932
coburg,50.2667,10.9667,1.48,2.1,0.88,86,90,2.24,DE,1675145933
kampong chhnang,12.1667,104.55,29.53,29.53,29.53,46,76,3.25,KH,1675145933
pedernales,18.0384,-71.744,23.78,23.78,23.78,71,12,1.05,DO,1675145934
abeche,13.8292,20.8324,23.85,23.85,23.85,15,31,3.28,TD,1675145775
otane,-39.8833,176.6333,20.01,20.01,20.01,83,100,3.88,NZ,1675145935
douglas,41.3,-96.167,-16.63,-15.19,-18.36,77,40,2.06,US,1675145935
port elizabeth,-33.918,25.5701,22.56,22.95,20.05,77,40,5.66,ZA,1675145936
erzin,36.9559,36.2,7.84,7.84,7.84,86,100,2.08,TR,1675145696
itarema,-2.9248,-39.9167,25.0,25.0,25.0,85,14,3.56,BR,1675145937
achutupo,9.2,-77.9833,25.79,25.79,25.79,75,84,5.24,PA,1675145937
marystown,47.1666,-55.1483,-0.33,-0.33,-0.33,89,100,1.95,CA,1675145937
kaabong,3.4836,34.1492,22.27,22.27,22.27,44,56,6.73,UG,1675145938
qaanaaq,77.484,-69.3632,-20.28,-20.28,-20.28,44,16,4.08,GL,1675145939
kysyl-syr,63.8986,122.7617,-35.88,-35.88,-35.88,96,53,2.33,RU,1675145939
alofi,-19.0595,-169.9187,25.94,25.94,25.94,89,100,1.54,NU,1675145940
constitucion,-35.3333,-72.4167,16.19,16.19,16.19,79,0,4.9,CL,1675145940
houston,29.7633,-95.3633,3.23,5.61,1.9,97,100,6.17,US,1675145940
marfino,55.7028,37.3822,-1.82,-0.92,-2.29,92,100,7.0,RU,1675145941
zhigansk,66.7697,123.3711,-40.33,-40.33,-40.33,95,68,2.99,RU,1675145941
tukrah,32.5341,20.5791,13.45,13.45,13.45,63,82,7.43,LY,1675145862
mbanza-ngungu,-5.25,14.8667,19.31,19.31,19.31,98,83,1.13,CD,1675145776
lompoc,34.6391,-120.4579,7.44,8.8,4.27,72,0,5.14,US,1675145941
murray bridge,-35.1167,139.2667,23.96,25.74,23.96,47,0,5.95,AU,1675145942
sola,-13.8833,167.55,28.37,28.37,28.37,89,75,0.0,VU,1675145942
talnakh,69.4865,88.3972,-16.55,-16.55,-16.55,97,100,5.27,RU,1675145943
jalu,29.0331,21.5482,9.29,9.29,9.29,82,0,3.98,LY,1675145943
puerto carreno,6.189,-67.4859,24.03,24.03,24.03,51,6,4.89,CO,1675145943
victoria,22.2855,114.1577,19.5,20.21,19.07,56,97,2.68,HK,1675145867
wucheng,29.6008,118.175,19.73,19.73,19.73,27,0,1.88,CN,1675145945
chapais,49.7834,-74.8492,-29.12,-29.12,-29.12,100,100,1.86,CA,1675145945
hamilton,39.1834,-84.5333,-3.42,-2.53,-4.43,90,100,5.14,US,1675145725
touros,-5.1989,-35.4608,26.38,26.38,26.38,73,100,6.5,BR,1675145946
ponta do sol,32.6667,-17.1,15.05,15.95,13.89,57,39,2.69,PT,1675145947
stephenville crossing,48.5,-58.4318,-4.93,-4.93,-5.99,86,75,2.06,CA,1675145947
corn island,12.1694,-83.0418,26.49,26.49,26.49,77,61,7.74,NI,1675145947
joao neiva,-19.7575,-40.3856,21.52,21.52,21.52,94,66,0.82,BR,1675145947
cabo san lucas,22.8909,-109.9124,20.84,20.84,17.32,67,99,5.58,MX,1675145947
tasiilaq,65.6145,-37.6368,-8.91,-8.91,-8.91,93,100,1.06,GL,1675145948
cape town,-33.9258,18.4232,21.24,22.28,19.08,60,0,3.09,ZA,1675145841
peniche,39.3558,-9.3811,6.76,7.47,5.16,66,0,2.73,PT,1675145949
khatanga,71.9667,102.5,-43.51,-43.51,-43.51,100,62,1.72,RU,1675145949
tuktoyaktuk,69.4541,-133.0374,-32.0,-32.0,-32.0,75,100,1.03,CA,1675145950
palaikastron,35.2,26.25,11.37,11.37,11.37,69,77,4.24,GR,1675145950
kruisfontein,-34.0033,24.7314,18.82,18.82,18.82,78,97,4.5,ZA,1675145877
chifeng,42.2683,118.9636,-0.06,-0.06,-0.06,37,3,3.16,CN,1675145950
varhaug,58.6147,5.6457,1.03,2.16,0.44,98,98,3.79,NO,1675145951
yellowknife,62.456,-114.3525,-34.71,-33.58,-34.71,75,0,2.68,CA,1675145951
saint-augustin,51.226,-58.6502,-13.8,-13.8,-13.8,92,100,1.26,CA,1675145951
karratha,-20.7377,116.8463,34.0,34.0,34.0,49,12,6.32,AU,1675145952
parabel,58.6978,81.4825,-13.89,-13.89,-13.89,92,89,3.92,RU,1675145952
skjervoy,70.0311,20.9714,-8.0,-8.0,-8.0,67,98,9.46,NO,1675145952
kavaratti,10.5669,72.642,26.72,26.72,26.72,76,96,8.45,IN,1675145952
clyde river,70.4692,-68.5914,-25.87,-25.87,-25.87,76,100,2.57,CA,1675145953
yulara,-25.2406,130.9889,33.48,33.48,33.48,23,76,3.23,AU,1675145953
san policarpo,12.1791,125.5072,26.3,26.3,26.3,86,98,8.25,PH,1675145953
ossora,59.2353,163.0719,-5.02,-5.02,-5.02,96,100,2.94,RU,1675145953
puerto ayora,-0.7393,-90.3518,24.19,24.19,24.19,91,95,1.3,EC,1675145954
cairns,-16.9167,145.7667,29.78,31.7,28.97,80,75,3.6,AU,1675145643
derzhavinsk,51.1,66.3167,-16.3,-16.3,-16.3,81,26,1.65,KZ,1675145954
sorland,67.667,12.6934,3.92,3.92,3.92,71,64,8.96,NO,1675145954
portland,45.5234,-122.6762,-0.88,1.01,-3.13,55,0,2.57,US,1675145782
vila velha,-20.3297,-40.2925,22.75,22.97,22.75,90,20,0.51,BR,1675145955
port alfred,-33.5906,26.891,21.21,21.21,21.21,87,96,2.68,ZA,1675145955
laguna,38.421,-121.4238,5.08,7.07,3.29,41,0,6.69,US,1675145955
jamestown,42.097,-79.2353,-5.12,-4.99,-6.36,97,100,4.12,US,1675145956
scottsbluff,41.8666,-103.6672,-22.08,-19.01,-24.13,77,0,3.6,US,1675145956
chara,56.9064,118.2631,-15.44,-15.44,-15.44,79,100,0.31,RU,1675145957
san patricio,28.017,-97.5169,3.54,6.92,2.4,84,100,5.23,US,1675145957
porto novo,6.4965,2.6036,26.9,26.9,26.9,90,72,1.02,BJ,1675145728
santarem,-2.4431,-54.7083,23.07,23.07,23.07,100,40,1.54,BR,1675145957
encruzilhada,-15.5314,-40.9094,16.94,16.94,16.94,98,14,1.18,BR,1675145957
thompson,55.7435,-97.8558,-28.91,-28.91,-28.91,76,0,3.09,CA,1675145958
namanga,-2.5433,36.7905,22.02,22.02,22.02,56,45,3.01,KE,1675145958
vardo,70.3705,31.1107,-2.01,-2.01,-2.01,93,75,3.09,NO,1675145959
princeton,25.5384,-80.4089,21.9,24.44,20.0,93,20,2.06,US,1675145959
camacha,33.0833,-16.3333,12.68,12.68,12.68,58,40,4.12,PT,1675145959
ribeira grande,38.5167,-28.7,13.76,13.76,13.76,79,73,2.68,PT,1675145758
lebu,-37.6167,-73.65,13.57,13.57,13.57,88,3,7.58,CL,1675145960
belaya gora,68.5333,146.4167,-22.88,-22.88,-22.88,98,100,3.51,RU,1675145960
bomi,7.2461,-11.5258,23.14,23.14,23.14,94,90,0.95,SL,1675145960
san pedro,14.35,121.0167,27.98,29.57,27.92,69,40,6.69,PH,1675145961
hithadhoo,-0.6,73.0833,26.83,26.83,26.83,79,36,5.48,MV,1675145961
hofn,64.2539,-15.2082,2.73,2.73,2.73,91,100,5.9,IS,1675145961
forio,40.7342,13.8646,9.73,10.79,0.72,68,94,2.68,IT,1675145961
avarua,-21.2078,-159.775,25.03,25.03,25.03,88,75,7.2,CK,1675145961
srednekolymsk,67.45,153.6833,-20.4,-20.4,-20.4,98,100,6.47,RU,1675145962
mokhsogollokh,61.4681,128.9203,-31.03,-31.03,-31.03,94,67,1.09,RU,1675145962
puri,19.8,85.85,27.29,27.29,27.29,34,59,1.83,IN,1675145963
grand-santi,4.25,-54.3833,20.82,20.82,20.82,100,59,0.88,GF,1675145963
vestmannaeyjar,63.4427,-20.2734,4.37,4.37,4.37,80,100,9.47,IS,1675145963
ibra,22.6906,58.5334,20.51,20.51,20.51,44,0,0.93,OM,1675145964
geraldton,-28.7667,114.6,29.23,29.23,29.23,58,11,7.72,AU,1675145752
limbang,4.75,115.0,28.92,30.06,28.92,70,100,1.53,MY,1675145964
cap malheureux,-19.9842,57.6142,30.26,30.26,30.26,72,50,2.68,MU,1675145965
leningradskiy,69.3833,178.4167,-11.26,-11.26,-11.26,95,100,4.87,RU,1675145965
khandyga,62.6667,135.6,-35.88,-35.88,-35.88,93,100,0.45,RU,1675145965
hualmay,-11.0964,-77.6139,21.63,21.63,21.63,84,99,2.55,PE,1675145965
praia,14.9215,-23.5087,20.3,20.3,20.3,73,75,5.66,CV,1675145966
whitehorse,60.7161,-135.0538,-7.74,-7.33,-8.16,93,75,2.06,CA,1675145966
zhigalovo,54.8097,105.1578,-11.53,-11.53,-11.53,81,96,4.07,RU,1675145967
zonguldak,41.25,31.8333,-1.53,-1.53,-1.53,97,90,0.91,TR,1675145968
fortuna,40.5982,-124.1573,3.06,3.51,2.19,83,0,5.66,US,1675145969
kutoarjo,-7.7169,109.9128,28.83,28.83,28.83,72,100,4.72,ID,1675145680
upernavik,72.7868,-56.1549,-16.68,-16.68,-16.68,72,100,2.95,GL,1675145969
honiara,-9.4333,159.95,28.54,28.54,28.54,71,100,2.59,SB,1675145969
kapaa,22.0752,-159.319,19.78,20.05,19.18,91,100,2.57,US,1675145969
east london,-33.0153,27.9116,19.52,19.52,19.52,100,100,6.17,ZA,1675145887
mount abu,24.6,72.7,16.4,16.4,16.4,36,0,5.11,IN,1675145970
sur,22.5667,59.5289,22.05,22.05,22.05,50,0,1.94,OM,1675145970
lorengau,-2.0226,147.2712,28.38,28.38,28.38,76,96,2.31,PG,1675145970
panzhihua,26.5851,101.7128,22.81,22.81,22.81,30,1,0.76,CN,1675145817
progreso,21.2833,-89.6667,22.84,22.84,22.06,81,0,4.87,MX,1675145971
fairbanks,64.8378,-147.7164,-6.02,-6.02,-6.62,86,100,2.57,US,1675145971
distraccion,10.8969,-72.8861,19.97,19.97,19.97,89,6,0.85,CO,1675145971
tiksi,71.6872,128.8694,-26.47,-26.47,-26.47,98,100,4.21,RU,1675145971
salinas,36.6777,-121.6555,6.24,8.8,3.05,57,0,4.12,US,1675145972
mandalgovi,45.7625,106.2708,-10.07,-10.07,-10.07,42,0,9.62,MN,1675145972
kavieng,-2.5744,150.7967,29.13,29.13,29.13,65,59,2.24,PG,1675145972
puerto colombia,10.9878,-74.9547,25.05,25.05,25.05,74,39,12.14,CO,1675145972
kaitangata,-46.2817,169.8464,18.19,18.19,18.19,90,15,4.5,NZ,1675145973
puerto narino,-3.7703,-70.3831,21.55,21.55,21.55,98,100,0.17,CO,1675145973
kerman,30.2832,57.0788,14.92,14.92,14.92,20,0,2.06,IR,1675145973
berezovyy,51.6667,135.7,-16.99,-16.99,-16.99,79,12,0.95,RU,1675145973
beni suef,29.0731,31.0979,11.16,11.16,11.16,40,1,4.08,EG,1675145974
zaykovo,57.5613,62.7568,-4.78,-4.78,-4.78,90,80,4.01,RU,1675145974
saskylakh,71.9167,114.0833,-44.33,-44.33,-44.33,100,70,1.11,RU,1675145975
ouadda,8.0777,22.4007,24.12,24.12,24.12,19,1,1.49,CF,1675145975
khovu-aksy,51.1333,93.6,-11.72,-11.72,-11.72,77,23,0.81,RU,1675145975
volary,48.9088,13.8866,-0.95,0.68,-1.09,95,83,5.44,CZ,1675145976
vieux-habitants,16.0589,-61.7659,19.76,19.76,19.76,80,8,2.62,GP,1675145976
roald,62.5833,6.1333,2.14,3.2,0.51,75,75,5.66,NO,1675145976
saint-louis,16.3333,-15.0,16.99,16.99,16.99,29,22,4.23,SN,1675145976
san juan de opoa,14.7833,-88.7,19.02,19.02,19.02,98,49,0.3,HN,1675145977
jijiga,9.35,42.8,20.44,20.44,20.44,43,4,1.61,ET,1675145977
dikson,73.5069,80.5464,-20.99,-20.99,-20.99,97,100,3.0,RU,1675145977
victor harbor,-35.5667,138.6167,20.0,25.93,20.0,64,4,0.45,AU,1675145977
beloha,-25.1667,45.05,24.91,24.91,24.91,61,76,5.62,MG,1675145978
maneadero,31.7167,-116.5667,10.06,10.06,10.06,84,96,0.89,MX,1675145704
oudtshoorn,-33.5907,22.2014,18.2,18.2,18.2,62,0,0.51,ZA,1675145978
faanui,-16.4833,-151.75,27.33,27.33,27.33,76,29,6.29,PF,1675145979
eregli,37.5133,34.0467,2.31,2.31,2.31,65,31,1.0,TR,1675145752
frontera,26.9333,-101.45,9.44,9.44,9.44,85,97,1.84,MX,1675145980
georgetown,5.4112,100.3354,29.54,30.97,29.02,61,20,1.54,MY,1675145700
ancud,-41.8697,-73.8203,8.12,8.12,8.12,76,0,2.21,CL,1675145981
saint-joseph,-21.3667,55.6167,29.21,29.21,28.39,81,45,3.48,RE,1675145981
loukhi,66.0764,33.0381,-4.28,-4.28,-4.28,96,100,3.96,RU,1675145982
nanortalik,60.1432,-45.2371,-5.92,-5.92,-5.92,92,100,3.32,GL,1675145982
beringovskiy,63.05,179.3167,-7.45,-7.45,-7.45,95,15,4.12,RU,1675145982
kathu,7.9178,98.3332,29.83,29.9,29.83,99,89,5.75,TH,1675145983
denia,38.8408,0.1057,7.55,10.47,4.38,56,1,1.34,ES,1675145983
bambous virieux,-20.3428,57.7575,29.14,30.12,29.14,79,40,2.06,MU,1675145983
ulladulla,-35.35,150.4667,23.13,23.13,23.13,67,57,5.67,AU,1675145983
port blair,11.6667,92.75,28.02,28.02,28.02,74,40,3.6,IN,1675145700
benguela,-12.5763,13.4055,25.02,25.02,25.02,81,100,0.26,AO,1675145984
atasu,48.6814,71.6433,-7.86,-7.86,-7.86,83,100,0.77,KZ,1675145984
chhabra,24.6667,76.8333,21.96,21.96,21.96,39,0,4.25,IN,1675145984
hambantota,6.1241,81.1185,28.0,28.0,28.0,68,99,2.48,LK,1675145633
kieta,-6.2167,155.6333,29.29,29.29,29.29,68,89,3.4,PG,1675145985
guayaramerin,-10.8368,-65.3614,20.72,20.72,20.72,98,92,0.75,BO,1675145985
pallapatti,11.6593,78.1342,29.18,29.18,29.18,48,40,4.12,IN,1675145985
lima,-12.0432,-77.0282,23.28,23.28,21.14,81,0,3.6,PE,1675145985
muros,42.7762,-9.0603,0.47,0.61,0.47,94,0,2.32,ES,1675145985
komsomolskiy,40.4272,71.7189,2.4,2.4,2.4,60,93,1.03,UZ,1675145986
ilo,-17.6394,-71.3375,22.03,22.03,22.03,93,100,2.06,PE,1675145986
bhadra,29.1167,75.1667,18.89,18.89,18.89,50,0,4.2,IN,1675145794
yangambi,0.8102,24.4336,22.9,22.9,22.9,80,22,1.49,CD,1675145987
adrar,20.5022,-10.0711,13.5,13.5,13.5,33,72,3.59,MR,1675145987
yar-sale,66.8333,70.8333,-24.3,-24.3,-24.3,99,52,3.16,RU,1675145987
jurm,36.8648,70.8342,2.85,2.85,2.85,53,97,1.62,AF,1675145987
pangody,65.85,74.4859,-22.46,-22.46,-22.46,99,93,3.42,RU,1675145987
pangnirtung,66.1451,-65.7125,-33.04,-33.04,-33.04,98,100,1.02,CA,1675145988
iqaluit,63.7506,-68.5145,-36.15,-36.15,-36.15,75,20,0.0,CA,1675145757
makakilo city,21.3469,-158.0858,22.45,23.18,19.83,85,75,5.66,US,1675145988
ambilobe,-13.2,49.05,29.24,29.24,29.24,77,46,0.47,MG,1675145988
portales,34.1862,-103.3344,-4.99,-4.82,-5.62,87,21,0.45,US,1675145989
diapaga,12.0708,1.7889,20.86,20.86,20.86,7,70,3.05,BF,1675145989
cherskiy,68.75,161.3,-9.15,-9.15,-9.15,85,100,2.23,RU,1675145989
banikoara,11.2985,2.4386,21.85,21.85,21.85,7,39,2.3,BJ,1675145989
aklavik,68.2191,-135.0107,-35.18,-35.18,-35.18,100,44,0.61,CA,1675145990
henties bay,-22.116,14.2845,17.24,17.24,17.24,89,50,3.56,NA,1675145990
veraval,20.9,70.3667,25.37,25.37,25.37,35,0,6.68,IN,1675145990
isangel,-19.55,169.2667,26.06,26.06,26.06,89,100,1.03,VU,1675145991
naryan-mar,67.6713,53.087,-8.79,-8.79,-8.79,90,100,7.4,RU,1675145985
ewa beach,21.3156,-158.0072,23.16,23.97,20.61,85,75,5.66,US,1675145991
arawa,-6.2132,155.5367,29.55,29.55,29.55,68,80,2.44,PG,1675145992
goundam,16.4145,-3.6708,12.59,12.59,12.59,13,45,4.42,ML,1675145992
dingle,10.9995,122.6711,27.78,27.78,27.78,76,90,7.15,PH,1675145992
povenets,62.8487,34.8262,-0.13,-0.13,-0.13,97,99,6.55,RU,1675145992
nalut,30.3333,10.85,2.89,2.89,2.89,69,0,3.04,LY,1675145993
norman wells,65.282,-126.8329,-25.98,-25.98,-25.98,84,75,1.54,CA,1675145994
alcazar de san juan,39.3901,-3.2083,-0.11,-0.11,-0.11,67,1,1.74,ES,1675145994
griffith,41.5284,-87.4237,-14.35,-12.73,-16.63,65,0,3.6,US,1675145994
erenhot,43.6475,111.9767,-6.46,-6.46,-6.46,53,1,11.06,CN,1675145994
codrington,-38.2667,141.9667,19.65,19.65,19.65,53,24,5.44,AU,1675145994
beatrice,40.2681,-96.747,-14.95,-14.95,-15.01,78,0,0.0,US,1675145995
atar,20.5169,-13.0499,15.32,15.32,15.32,29,100,2.74,MR,1675145864
oussouye,12.485,-16.5469,19.05,19.05,18.1,31,58,3.37,SN,1675145995
sioux lookout,50.1001,-91.917,-24.96,-24.96,-24.96,77,0,3.6,CA,1675145995
hami,42.8,93.45,-2.62,-2.62,-2.62,23,98,0.27,CN,1675145996
estelle,29.8458,-90.1067,18.93,20.0,18.33,94,100,1.54,US,1675145705
kaputa,-8.4689,29.6619,21.09,21.09,21.09,84,16,0.5,ZM,1675145996
clinton,42.587,-82.9199,-12.63,-10.99,-14.78,71,0,4.12,US,1675145996
bairiki,1.3292,172.9752,27.17,27.17,27.17,80,97,8.31,KI,1675145996
uyuni,-20.4597,-66.825,12.0,12.0,12.0,64,100,3.28,BO,1675145997
rawson,-43.3002,-65.1023,15.02,15.02,15.02,64,33,5.31,AR,1675145997
bathsheba,13.2167,-59.5167,22.34,22.34,22.34,83,20,3.6,BB,1675145997
mehamn,71.0357,27.8492,-1.03,-0.05,-1.03,93,40,2.06,NO,1675145997
bucerias,20.75,-105.3333,19.42,19.42,19.42,83,39,1.81,MX,1675145998
monrovia,6.3005,-10.7969,23.87,23.87,23.87,89,62,2.18,LR,1675145998
paamiut,61.994,-49.6678,-8.33,-8.33,-8.33,88,100,6.05,GL,1675145998
big rapids,43.6981,-85.4837,-14.05,-13.96,-15.17,86,100,2.57,US,1675145998
adjumani,3.3779,31.7909,28.21,28.21,28.21,29,28,0.5,UG,1675145767
aksu,41.1231,80.2644,-3.95,-3.95,-3.95,70,100,1.66,CN,1675145999
namibe,-15.1961,12.1522,22.46,22.46,22.46,77,100,1.78,AO,1675146000
pedasi,7.5333,-80.0333,23.93,23.93,23.93,80,8,8.28,PA,1675146000
katsuura,35.1333,140.3,6.86,6.86,6.86,45,50,2.1,JP,1675145799
djibo,14.1022,-1.6306,16.48,16.48,16.48,6,96,4.08,BF,1675145773
san ignacio,17.1561,-89.0714,22.08,22.08,22.08,88,0,0.0,BZ,1675146001
dafeng,23.4517,108.5881,21.71,21.71,21.71,43,4,4.71,CN,1675146002
berlevag,70.8578,29.0864,-0.18,-0.03,-2.11,80,75,5.66,NO,1675146002
korla,41.7597,86.1469,-3.5,-3.5,-3.5,51,99,1.38,CN,1675145530
lagoa,39.05,-27.9833,14.06,14.06,14.06,69,100,5.77,PT,1675146003
mwanza,-2.5167,32.9,22.73,22.73,22.73,62,60,2.82,TZ,1675146003
bedesa,8.9,40.7833,19.83,19.83,19.83,50,0,1.42,ET,1675146003
luwuk,-0.9516,122.7875,28.31,28.31,28.31,79,100,1.19,ID,1675146003
mariental,-24.6333,17.9667,25.35,25.35,25.35,22,59,2.62,NA,1675146004
biak,-0.9131,122.8766,27.63,27.63,27.63,74,100,0.9,ID,1675146004
natal,-5.795,-35.2094,25.12,25.12,23.36,78,40,4.12,BR,1675146004
tual,-5.6667,132.75,27.82,27.82,27.82,81,91,5.93,ID,1675146005
klyuchevskiy,53.5317,119.4519,-13.65,-13.65,-13.65,88,100,2.09,RU,1675146006
alexandria,31.2156,29.9553,14.22,14.22,14.22,69,88,6.65,EG,1675146006
sainte-claire,46.6006,-70.8649,-12.0,-11.61,-12.89,91,100,1.23,CA,1675146006
ulagan,50.6321,87.9563,-10.67,-10.67,-10.67,73,35,0.42,RU,1675146007
rosarito,32.3333,-117.0333,10.34,11.53,8.9,77,92,2.22,MX,1675146008
portel,-1.9356,-50.8211,22.39,22.39,22.39,97,94,0.59,BR,1675146008
chachapoyas,-6.2317,-77.869,12.29,12.29,12.29,95,92,1.14,PE,1675145713
baghramyan,40.1934,44.3683,-0.56,-0.56,-0.97,93,100,0.51,AM,1675146009
kinwat,19.6333,78.2,29.6,29.6,29.6,32,16,3.7,IN,1675145792
deputatskiy,69.3,139.9,-25.14,-25.14,-25.14,99,100,2.63,RU,1675146009
mayo,38.8876,-76.5119,6.71,9.51,4.99,91,0,2.57,US,1675146009
lystrup,56.2375,10.2378,1.38,2.42,0.62,91,92,4.72,DK,1675146010
waiouru,-39.4833,175.6667,17.63,17.63,17.63,76,99,1.97,NZ,1675146010
port-gentil,-0.7193,8.7815,22.98,22.98,22.98,100,20,2.06,GA,1675146011
new richmond,45.123,-92.5366,-24.64,-22.31,-26.91,89,0,3.09,US,1675146011
tuatapere,-46.1333,167.6833,20.89,20.89,20.89,74,71,1.89,NZ,1675146011
den helder,52.9599,4.7593,6.89,7.21,5.99,83,100,11.32,NL,1675146012
kirkwall,58.9848,-2.9587,5.03,5.03,4.98,75,20,13.38,GB,1675146012
bosaso,11.2842,49.1816,23.84,23.84,23.84,55,54,1.02,SO,1675145755
ghansor,22.65,79.95,25.67,25.67,25.67,26,1,5.0,IN,1675146013
ocampo,21.65,-101.5,12.06,12.06,12.06,63,67,2.58,MX,1675146013
surgut,61.25,73.4167,-9.9,-9.9,-9.9,85,75,4.0,RU,1675146013
pasinler,39.9803,41.6764,-5.45,-5.45,-5.45,91,100,1.9,TR,1675146014
labuhan,-6.8844,112.2051,29.7,29.7,29.7,70,100,2.58,ID,1675146014
tommot,58.9564,126.2925,-16.69,-16.69,-16.69,93,100,3.5,RU,1675146014
idrinskoye,54.3708,92.1358,-9.76,-9.76,-9.76,89,100,1.21,RU,1675146015
bad durrenberg,51.3,12.0667,3.44,4.47,2.8,79,20,7.72,DE,1675146015
qorveh,35.1664,47.8045,1.54,1.54,1.54,98,83,2.85,IR,1675146016
launceston,-41.45,147.1667,23.06,23.8,21.56,50,0,9.26,AU,1675145735
wadi musa,30.3222,35.4793,4.87,4.87,4.87,81,20,10.06,JO,1675146017
zhaotong,27.3167,103.7167,20.04,20.04,20.04,27,0,1.65,CN,1675146017
salvador,13.8333,-88.9167,21.14,21.14,19.22,65,57,0.67,SV,1675146017
shubarkuduk,49.1447,56.4872,-11.51,-11.51,-11.51,84,21,3.31,KZ,1675146017
luderitz,-26.6481,15.1594,16.6,16.6,16.6,83,3,2.35,NA,1675145864
prince rupert,54.3161,-130.3201,2.1,2.83,2.05,87,100,12.35,CA,1675146018
coromandel,-18.4733,-47.2003,17.88,17.88,17.88,93,93,1.67,BR,1675146018
bakchar,57.0186,82.0711,-12.78,-12.78,-12.78,92,99,3.63,RU,1675146018
neuquen,-38.9516,-68.0591,18.94,18.94,18.94,48,0,5.14,AR,1675146020
college,64.8569,-147.8028,-6.03,-6.03,-6.62,86,100,2.57,US,1675146020
waddan,29.1614,16.139,5.61,5.61,5.61,86,0,2.89,LY,1675146021
yambio,4.5721,28.3955,26.52,26.52,26.52,29,9,0.89,SS,1675146022
assiniboia,49.6334,-105.9845,-23.1,-23.1,-23.1,77,14,4.12,CA,1675146023
maragogi,-9.0122,-35.2225,24.48,24.48,24.48,83,89,1.23,BR,1675146023
malinyi,-8.9333,36.1333,25.07,25.07,25.07,77,26,0.75,TZ,1675145881
grand gaube,-20.0064,57.6608,30.21,30.21,29.22,72,32,2.68,MU,1675146023
souillac,-20.5167,57.5167,29.21,29.21,29.21,79,40,2.06,MU,1675146024
belturbet,54.1,-7.45,6.42,6.42,6.42,83,81,5.6,IE,1675146024
abu kamal,34.4506,40.9171,9.52,9.52,9.52,82,13,2.05,SY,1675146024
epe,6.5841,3.9834,24.66,24.66,24.66,92,91,0.22,NG,1675146025
sturgeon bay,44.8342,-87.377,-17.82,-17.78,-21.02,65,0,3.09,US,1675145858
tazmalt,36.3868,4.3989,2.75,2.75,2.75,94,9,1.29,DZ,1675146025
pisco,-13.7,-76.2167,22.03,22.03,20.57,83,0,1.54,PE,1675146026
guanica,17.9716,-66.908,22.62,24.46,20.12,71,5,2.77,PR,1675146027
nokha,27.6,73.4167,19.46,19.46,19.46,38,0,4.75,IN,1675145796
namatanai,-3.6667,152.4333,29.1,29.1,29.1,68,86,2.87,PG,1675146027
baykit,61.67,96.37,-20.14,-20.14,-20.14,99,100,0.73,RU,1675146027
kisarazu,35.3747,139.9225,8.01,8.92,7.62,36,64,0.94,JP,1675145640
warman,52.3168,-106.5679,-26.73,-25.05,-26.73,82,75,2.57,CA,1675146028
mayumba,-3.432,10.6554,23.9,23.9,23.9,88,98,1.43,GA,1675146028
vrangel,42.7297,133.0839,-3.95,-3.95,-3.95,53,100,1.18,RU,1675146029
haimen,23.1935,116.6142,18.94,18.94,18.94,54,99,2.86,CN,1675146029
sassandra,4.95,-6.0833,24.1,24.1,24.1,93,52,1.32,CI,1675145857
yekaterinovka,52.0508,44.3451,-0.32,-0.32,-0.32,98,100,5.4,RU,1675146030
vao,-22.6667,167.4833,25.03,25.03,25.03,70,0,3.53,NC,1675146030
the valley,18.217,-63.0578,23.93,24.5,23.79,77,9,8.78,AI,1675146030
kawalu,-7.3817,108.2082,28.68,28.68,28.68,67,100,1.23,ID,1675146031
hasaki,35.7333,140.8333,7.22,7.34,7.22,37,91,2.53,JP,1675145806
fukue,32.6881,128.8419,12.2,12.2,12.2,47,20,4.63,JP,1675146031
ikom,5.9667,8.7063,22.33,22.33,22.33,95,59,0.74,NG,1675145866
saint-francois,46.4154,3.9054,3.69,3.69,2.6,93,100,1.54,FR,1675146032
shenjiamen,29.9576,122.298,12.34,12.34,12.34,74,29,8.88,CN,1675146032
necochea,-38.5473,-58.7368,18.28,18.28,18.28,92,0,4.04,AR,1675146032
kununurra,-15.7667,128.7333,32.99,32.99,32.99,58,40,5.66,AU,1675146033
killybegs,54.6333,-8.45,6.86,6.86,6.86,75,88,10.83,IE,1675146034
kapoeta,4.7717,33.5903,29.71,29.71,29.71,32,69,9.06,SS,1675146034
kongolo,-5.3833,27.0,21.4,21.4,21.4,92,42,0.88,CD,1675146034
narsaq,60.9167,-46.05,-6.88,-6.88,-6.88,95,100,0.98,GL,1675146035
trat,12.5,102.5,31.11,33.28,31.11,28,70,3.12,TH,1675145938
airai,-8.9266,125.4092,19.5,19.5,19.5,90,100,0.97,TL,1675146035
seoul,37.5683,126.9778,8.29,8.76,6.66,53,20,5.66,KR,1675145784
la ronge,55.1001,-105.2842,-25.86,-25.86,-26.88,70,0,1.03,CA,1675146036
paso de los toros,-32.8167,-56.5167,21.43,21.43,21.43,79,0,3.09,UY,1675146036
ostrovnoy,68.0531,39.5131,-4.32,-4.32,-4.32,94,100,4.15,RU,1675146036
kapit,2.0167,112.9333,29.99,29.99,29.99,77,83,0.84,MY,1675146036
upata,8.0086,-62.3989,17.72,17.72,17.72,89,12,1.41,VE,1675146036
shitanjing,39.2342,106.3439,0.39,0.39,0.39,18,40,1.81,CN,1675145775
abnub,27.2696,31.1511,12.06,12.06,12.06,41,0,4.31,EG,1675146037
alice springs,-23.7,133.8833,31.23,31.23,23.75,40,100,2.06,AU,1675145746
pilot butte,50.4668,-104.4178,-25.21,-23.15,-25.21,77,20,4.63,CA,1675146037
jasper,37.2001,-94.3502,-7.04,-6.64,-7.31,65,100,3.6,US,1675146038
palana,59.1167,159.9667,-6.25,-6.25,-6.25,93,100,10.38,RU,1675146038
basoko,1.2391,23.616,23.48,23.48,23.48,74,42,1.56,CD,1675145776
baruun-urt,46.6806,113.2792,-9.39,-9.39,-9.39,68,100,8.7,MN,1675146038
nichinan,31.6,131.3667,11.82,11.82,11.82,42,0,3.75,JP,1675145771
manuk mangkaw,4.8,119.85,27.05,27.05,27.05,78,99,4.42,PH,1675146038
saint-pierre,-21.3393,55.4781,29.82,29.82,28.99,70,40,6.17,RE,1675146039
kovdor,67.5662,30.4758,-7.93,-7.93,-7.93,96,100,2.67,RU,1675146039
naze,28.3667,129.4833,16.51,16.51,16.51,50,1,0.92,JP,1675145925
mago,53.2514,140.1822,-20.45,-20.45,-20.45,88,100,1.78,RU,1675146039
carnarvon,-24.8667,113.6333,27.73,27.73,27.73,61,60,6.62,AU,1675145761
yarmouth,41.7057,-70.2286,4.4,6.09,2.86,95,0,3.09,US,1675146040
xining,36.6167,101.7667,4.79,4.79,4.79,16,72,0.86,CN,1675145841
matagami,49.7502,-77.6328,-34.94,-34.94,-34.94,75,0,1.54,CA,1675146040
blagoveshchenka,52.8333,79.8667,-14.44,-14.44,-14.44,84,62,2.05,RU,1675146040
olavarria,-36.8927,-60.3225,18.07,18.07,18.07,63,0,3.08,AR,1675146041
lanzhou,36.0564,103.7922,4.37,4.37,4.37,22,93,1.46,CN,1675146041
sao geraldo do araguaia,-6.4006,-48.555,21.61,21.61,21.61,98,49,1.22,BR,1675146041
maningrida,-12.0667,134.2667,30.57,30.57,30.57,68,90,4.56,AU,1675146041
ilulissat,69.2167,-51.1,-9.99,-9.99,-9.99,57,100,5.14,GL,1675146041
muroto,33.2833,134.15,8.12,8.12,8.12,48,4,3.78,JP,1675145841
saint george,37.1041,-113.5841,-2.12,-1.98,-3.19,52,0,2.57,US,1675146042
tombouctou,20.0,-3.0,10.46,10.46,10.46,18,38,5.08,ML,1675145764
bafata,12.1667,-14.75,18.94,18.94,18.94,18,69,2.05,GW,1675146044
naron,43.5167,-8.1528,2.33,4.81,-1.53,85,3,2.49,ES,1675146044
sisimiut,66.9395,-53.6735,-13.68,-13.68,-13.68,89,100,3.23,GL,1675146045
riyadh,24.6877,46.7219,17.08,17.08,17.08,30,17,3.73,SA,1675145977
pitea,65.3172,21.4794,-4.95,-4.95,-4.95,86,18,2.53,SE,1675146045
carutapera,-1.195,-46.02,22.97,22.97,22.97,96,100,1.15,BR,1675146045
la rioja,42.25,-2.5,-3.12,-3.12,-3.12,95,59,2.25,ES,1675146045
bastia,42.6667,9.3333,5.97,7.39,3.63,86,20,2.57,FR,1675146046
poum,-20.2333,164.0167,26.14,26.14,26.14,74,9,2.99,NC,1675146046
cauquenes,-35.9671,-72.3225,16.19,16.19,16.19,70,1,2.58,CL,1675146047
weligama,5.9667,80.4167,26.34,26.34,26.34,75,95,4.23,LK,1675146047
balaipungut,1.05,101.2833,25.97,25.97,25.97,82,100,1.15,ID,1675146048
kilindoni,-7.9139,39.6668,27.78,27.78,27.78,77,41,3.8,TZ,1675146048
bethanien,-26.502,17.1583,22.78,22.78,22.78,27,8,0.37,NA,1675146048
saldanha,-33.0117,17.9442,17.03,17.03,17.03,74,2,2.46,ZA,1675146048
waitara,-38.925,174.25,21.88,23.05,21.11,71,100,5.84,NZ,1675146048
mizan teferi,6.9833,35.5833,24.49,24.49,24.49,43,86,0.42,ET,1675146048
camocim,-2.9022,-40.8411,24.52,24.52,24.52,87,70,3.39,BR,1675146049
cao bang,22.6667,106.25,23.37,23.37,23.37,25,3,2.6,VN,1675146018
ierapetra,35.01,25.7353,11.75,11.75,11.75,65,14,0.45,GR,1675146050
solnechnyy,50.7214,136.6319,-19.5,-19.5,-19.5,92,67,2.11,RU,1675146050
uinskoye,56.8817,56.5813,-6.22,-6.22,-6.22,92,100,6.4,RU,1675146051
maracaibo,10.6317,-71.6406,24.27,24.27,24.27,76,3,4.27,VE,1675146051
nioro,13.35,-15.75,19.34,19.34,19.34,18,78,2.53,GM,1675146051
lavrentiya,65.5833,-171.0,-2.66,-2.66,-2.66,93,99,2.25,RU,1675146052
sitka,57.0531,-135.33,2.94,2.94,2.94,87,100,4.12,US,1675146053
amberley,39.2048,-84.428,-3.85,-2.91,-4.95,89,100,4.63,US,1675146054
lasa,46.6166,10.7002,-3.69,-2.95,-3.69,79,46,3.97,IT,1675146055
tahe,52.3333,124.7333,-12.17,-12.17,-12.17,77,98,1.21,CN,1675146055
vysokogornyy,50.1167,139.15,-18.67,-18.67,-18.67,88,98,3.27,RU,1675146055
birao,10.2849,22.7882,23.24,23.24,23.24,16,0,3.37,CF,1675146056
palanga,55.9175,21.0686,3.01,3.01,3.01,75,75,3.6,LT,1675146056
seymchan,62.8833,152.4333,-23.14,-23.14,-23.14,98,100,0.94,RU,1675146057
marrakesh,31.6315,-8.0083,6.04,6.04,6.04,70,40,4.63,MA,1675146057
kasongo-lunda,-6.4667,16.8167,21.03,21.03,21.03,91,93,0.28,CD,1675146057
sidney,-33.8679,151.2073,25.27,27.69,23.61,68,75,10.8,AU,1675145880
beira,-19.8436,34.8389,30.05,30.05,30.05,66,75,5.66,MZ,1675146059
hihya,30.6713,31.588,11.59,11.59,11.59,50,24,6.45,EG,1675146059
mahanoro,-19.9,48.8,26.94,26.94,26.94,82,86,2.99,MG,1675145862
ous,60.9058,61.5186,-15.58,-15.58,-15.58,95,30,2.31,RU,1675146060
ghanzi,-21.5667,21.7833,22.27,22.27,22.27,64,94,3.89,BW,1675146060
oistins,13.0667,-59.5333,22.05,22.05,22.05,83,20,3.6,BB,1675146060
kiunga,-6.1219,141.2906,27.41,27.41,27.41,73,100,0.94,PG,1675146060
klaksvik,62.2266,-6.589,4.51,4.51,4.51,68,73,11.9,FO,1675146061
mogadishu,2.0371,45.3438,26.22,26.22,26.22,68,30,9.01,SO,1675146061
beyneu,45.3167,55.2,0.76,0.76,0.76,66,10,6.87,KZ,1675146062
sembe,1.6481,14.5806,21.31,21.31,21.31,80,83,0.82,CG,1675146062
saulkrasti,57.2622,24.4147,1.55,1.97,1.54,80,100,8.71,LV,1675146063
ishim,56.1128,69.4902,-13.23,-13.23,-13.23,91,89,3.57,RU,1675146063
middlebury,44.0153,-73.1673,-6.51,-3.76,-8.81,93,100,0.0,US,1675146063
kaeo,-35.1,173.7833,22.4,22.4,22.4,93,100,7.46,NZ,1675146063
kutum,14.2,24.6667,21.44,21.44,21.44,14,4,1.58,SD,1675146064
waingapu,-9.6567,120.2641,29.93,29.93,29.93,68,93,3.35,ID,1675146064
boa vista,2.8197,-60.6733,23.99,23.99,23.99,73,0,2.06,BR,1675146065
caiaponia,-16.9567,-51.8103,20.25,20.25,20.25,90,100,0.75,BR,1675146066
verkhoyansk,67.5447,133.385,-31.09,-31.09,-31.09,98,100,1.24,RU,1675146013
bol,13.4586,14.7147,23.25,23.25,23.25,39,0,5.71,TD,1675146067
guasdualito,7.2424,-70.7324,22.81,22.81,22.81,57,7,1.89,VE,1675146067
luanda,-8.8368,13.2343,26.0,26.0,26.0,89,75,3.6,AO,1675146068
chapada dos guimaraes,-15.4606,-55.7497,20.81,20.81,20.81,90,100,1.71,BR,1675146068
san ramon,37.7799,-121.978,4.35,8.52,1.08,47,0,0.0,US,1675146068
ola,59.5833,151.2833,-15.14,-15.14,-15.14,80,100,3.94,RU,1675146068
margasari,-7.1,109.0167,28.89,28.89,28.89,73,100,1.75,ID,1675146069
sawakin,19.1059,37.3321,25.26,25.26,25.26,72,65,1.94,SD,1675146069
masindi,1.6744,31.715,26.56,26.56,26.56,33,57,0.75,UG,1675146069
cache creek,50.8101,-121.3246,-7.83,-7.83,-7.83,98,100,1.07,CA,1675146069
grindavik,63.8424,-22.4338,0.26,0.26,-1.03,74,75,13.89,IS,1675146069
dali,25.7,100.1833,20.87,20.87,20.87,22,3,3.1,CN,1675146070
vila franca do campo,37.7167,-25.4333,13.23,13.23,13.23,83,100,4.03,PT,1675146070
ahipara,-35.1667,173.1667,20.78,20.78,20.78,93,100,6.24,NZ,1675146071
kontagora,10.3999,5.4695,22.59,22.59,22.59,15,48,2.56,NG,1675145867
wanning,18.8003,110.3967,21.6,21.6,21.6,75,99,2.57,CN,1675146071
eagle pass,28.7091,-100.4995,3.47,3.47,3.47,76,100,2.13,US,1675146071
praia da vitoria,38.7333,-27.0667,12.14,12.64,12.14,94,75,5.73,PT,1675146072
dvinskoy,62.1535,45.1175,-2.7,-2.7,-2.7,91,100,5.43,RU,1675146072
aquin,18.2833,-73.4,23.0,23.0,23.0,78,23,1.62,HT,1675146072
chengde,40.9725,117.9361,3.86,3.86,3.86,32,1,3.13,CN,1675146073
moba,33.2288,105.0179,9.35,9.35,9.35,33,3,2.04,CN,1675146073
kingswood,51.4528,-2.5083,7.52,8.57,5.48,92,100,8.23,GB,1675146073
koygorodok,60.445,50.9968,-3.63,-3.63,-3.63,91,100,5.59,RU,1675146074
awjilah,29.1081,21.2869,9.23,9.23,9.23,82,0,4.11,LY,1675146075
shira,54.4911,89.9531,-8.76,-8.76,-8.76,77,100,1.2,RU,1675146075
bogandinskiy,56.8937,65.8938,-9.15,-8.85,-9.15,87,100,4.0,RU,1675146076
lusambo,-4.9667,23.45,20.91,20.91,20.91,94,42,0.8,CD,1675146076
sao joao da barra,-21.6403,-41.0511,24.16,24.16,24.16,87,72,7.65,BR,1675146076
qui nhon,13.7667,109.2333,22.64,22.64,22.64,79,99,4.72,VN,1675145702
oktyabrskiy,54.4815,53.471,-6.78,-6.78,-6.78,89,100,6.77,RU,1675146077
wattegama,6.7989,81.4808,24.33,24.33,24.33,84,100,2.48,LK,1675146077
duluth,46.7833,-92.1066,-22.05,-20.92,-23.87,64,40,6.69,US,1675146053
rundu,-17.9333,19.7667,20.47,20.47,20.47,86,100,3.19,NA,1675146078
kendari,-3.945,122.4989,27.13,27.13,27.13,81,100,0.09,ID,1675145882
vanimo,-2.6741,141.3028,28.0,28.0,28.0,83,90,2.18,PG,1675146078
hobyo,5.3505,48.5268,25.8,25.8,25.8,60,40,9.93,SO,1675146079
avera,33.194,-82.5271,11.13,12.53,10.73,95,85,1.19,US,1675146079
dhidhdhoo,6.8833,73.1,27.02,27.02,27.02,77,97,6.51,MV,1675146079
vanavara,60.34,102.2797,-17.79,-17.79,-17.79,93,95,2.63,RU,1675146080
santander,43.4647,-3.8044,5.06,5.88,2.06,79,75,1.54,ES,1675145958
kamaishi,39.2667,141.8833,0.81,0.81,0.81,51,84,5.85,JP,1675145859
guerrero negro,27.9769,-114.0611,14.14,14.14,14.14,70,14,3.06,MX,1675146080
beni,0.5,29.4667,22.61,22.61,22.61,49,12,1.02,CD,1675146081
nemuro,43.3236,145.575,-3.59,-3.59,-3.59,57,92,6.14,JP,1675146081
esmeralda,21.8525,-78.1169,22.61,22.61,22.61,84,21,4.05,CU,1675146081
miami,25.7743,-80.1937,23.04,24.44,20.0,82,20,3.6,US,1675145926
cordoba,-31.4135,-64.1811,22.68,24.31,20.0,86,0,1.54,AR,1675146082
marawi,7.9986,124.2928,25.6,25.6,25.6,75,34,3.74,PH,1675146083
segou,13.4317,-6.2157,17.48,17.48,17.48,9,79,3.59,ML,1675146083
brainerd,46.358,-94.2008,-25.21,-21.84,-27.12,70,0,2.57,US,1675146083
orlik,52.5178,99.825,-17.27,-17.27,-17.27,80,35,0.74,RU,1675146083
nazret,8.55,39.2667,19.38,19.38,19.38,52,2,3.03,ET,1675146084
sedalia,38.7045,-93.2283,-8.51,-8.05,-11.29,57,100,5.36,US,1675146084
puerto escondido,15.85,-97.0667,23.79,23.79,23.79,74,0,2.01,MX,1675146085
khalkhal,37.6189,48.5258,0.34,0.34,0.34,99,100,1.89,IR,1675146085
horsham,51.064,-0.3272,5.44,6.42,4.84,86,75,1.54,GB,1675146086
marsh harbour,26.5412,-77.0636,23.58,23.58,23.58,79,6,5.6,BS,1675146086
novopokrovka,49.8425,36.5477,-3.55,-3.55,-3.55,81,7,2.81,UA,1675146086
merrill,45.1805,-89.6835,-25.79,-22.13,-27.9,77,0,0.0,US,1675146086
khorixas,-20.3667,14.9667,21.02,21.02,21.02,42,100,0.62,NA,1675146007
buala,-8.145,159.5921,29.28,29.28,29.28,66,91,1.98,SB,1675146087
batouri,4.4333,14.3667,20.68,20.68,20.68,77,78,1.58,CM,1675146088
palembang,-2.9167,104.7458,27.05,27.05,27.05,83,75,5.14,ID,1675145781
yanji,42.9075,129.5078,-5.16,-5.16,-5.16,74,100,1.42,CN,1675146089
key largo,25.0865,-80.4473,23.9,24.43,19.44,76,4,5.99,US,1675146089
bonito,-21.1211,-56.4819,21.78,21.78,21.78,90,53,1.65,BR,1675146090
rio verde de mato grosso,-18.9181,-54.8442,22.21,22.21,22.21,93,99,2.24,BR,1675146090
ballina,-28.8667,153.5667,25.01,25.01,24.32,99,91,1.48,AU,1675146091
rafaela,-31.2503,-61.4867,23.89,23.89,23.89,62,0,2.46,AR,1675146091
bonavista,48.6499,-53.1147,-1.82,-1.82,-1.82,80,100,4.71,CA,1675146091
bam,29.106,58.357,17.58,17.58,17.58,26,1,2.07,IR,1675146092
salinopolis,-0.6136,-47.3561,24.01,24.01,24.01,90,99,2.0,BR,1675146092
esperance,-33.8667,121.9,20.88,20.88,20.88,66,25,7.13,AU,1675146092
sainte-anne-des-monts,49.124,-66.4924,-12.07,-12.07,-12.07,61,98,3.6,CA,1675146093
udachnyy,66.4167,112.4,-35.31,-35.31,-35.31,73,96,1.64,RU,1675146093
kindersley,51.4668,-109.1682,-16.99,-16.99,-16.99,78,100,2.06,CA,1675146093
caravelas,-17.7125,-39.2481,22.38,22.38,22.38,93,31,1.61,BR,1675146093
yilan,24.757,121.753,22.22,23.92,20.01,50,0,3.15,TW,1675145807
turukhansk,65.8167,87.9833,-15.32,-15.32,-15.32,93,100,6.65,RU,1675146094
umm kaddadah,13.6017,26.6876,23.51,23.51,23.51,12,65,3.61,SD,1675146094
sal rei,16.1833,-22.9167,20.43,20.43,20.43,71,85,7.48,CV,1675146094
nizwa,22.9333,57.5333,20.35,20.35,20.35,31,0,1.56,OM,1675146095
kot khai,31.1167,77.5333,12.58,12.58,12.58,92,5,1.59,IN,1675146095
basqal,40.7552,48.391,0.68,0.68,0.68,77,100,0.97,AZ,1675146095
prigor,44.9383,22.1133,-1.57,-1.57,-1.57,96,95,2.56,RO,1675146095
svidnik,49.3082,21.5703,0.9,2.17,0.01,85,99,4.98,SK,1675146096
morant bay,17.8815,-76.4093,24.79,24.79,21.51,82,10,3.93,JM,1675146097
hervey bay,-25.2986,152.8535,26.66,26.66,26.66,78,76,8.47,AU,1675146097
asau,46.4333,26.4,-3.49,-3.49,-3.73,91,100,2.2,RO,1675146098
quatre cocos,-20.2078,57.7625,30.05,30.05,29.06,70,26,2.37,MU,1675146098
opuwo,-18.0607,13.84,21.3,21.3,21.3,47,100,0.22,NA,1675146099
campo grande,-20.4428,-54.6464,22.75,22.75,22.75,88,75,4.63,BR,1675146099
west wendover,40.7391,-114.0733,-12.44,-12.44,-12.44,67,0,0.0,US,1675146099
churapcha,62.0025,132.4325,-37.07,-37.07,-37.07,94,95,1.5,RU,1675146100
lyngseidet,69.5763,20.2189,-8.0,-8.0,-8.0,89,99,2.86,NO,1675146100
san nicola,40.6116,8.991,6.74,6.74,6.74,93,100,1.79,IT,1675146100
sao gabriel da cachoeira,-0.1303,-67.0892,22.06,22.06,22.06,98,99,0.47,BR,1675146101
buchanan,5.8808,-10.0467,24.48,24.48,24.48,88,30,0.98,LR,1675146101
tortoli,39.9256,9.6572,9.9,9.9,9.9,57,40,7.2,IT,1675146101
baculin,7.4525,126.5842,28.48,28.48,28.48,74,91,3.46,PH,1675145986
